{
    "resources": [
        {
            "name": "Component.js"
        },
        {
            "name": "i18n/i18n.properties",
            "raw": "i18n/i18n.properties"
        },
        {
            "name": "model/models.js"
        },
        {
            "name": "controller/View1.controller.js"
        },
        {
            "name": "manifest.json"
        },
        {
            "name": "manifest-bundle.zip"
        },
        {
            "name": "Component-preload.js",
            "merged": true
        },
        {
            "name": "Component-dbg.js",
            "isDebug": true
        },
        {
            "name": "controller/View1-dbg.controller.js",
            "isDebug": true
        },
        {
            "name": "model/models-dbg.js",
            "isDebug": true
        },
        {
            "name": "../../sap-ui-version.json"
        },
        {
            "name": "view/View1.view.xml"
        },
        {
            "name": "css/style.css"
        },
        {
            "name": "index.html"
        }
    ]
}