{
  "index.html": 1605766669510,
  "Component.js": 1605766669510,
  "model/models.js": 1605766669514,
  "controller/View1.controller.js": 1605767007391,
  "manifest.json": 1605767122028,
  "manifest-bundle.zip": 1605767121863,
  "Component-preload.js": 1605767122008,
  "Component-dbg.js": 1605766669510,
  "controller/View1-dbg.controller.js": 1605767007391,
  "model/models-dbg.js": 1605766669514,
  "resources.json": 1605767122032,
  "view/View1.view.xml": 1605766930147,
  "css/style.css": 1605766669510,
  "i18n/i18n.properties": 1605766669510
}